Workbook

Sheet Basic Pay
B3: Basic Pay of the Employees
B4: Emp_ID | C4: Emp_Name | D4: Emp_Basic_Pay
B5: 5001 | C5: Sandy | D5: 4500
B6: 5003 | C6: Sam | D6: 2500
B7: 5098 | C7: Peter | D7: 4500
B8: 5689 | C8: Bobby | D8: 3200
B9: 5764 | C9: John | D9: 1223
B10: 5091 | C10: Rita | D10: 7890
B11: 5673 | C11: Rozy | D11: 6500
B12: 5901 | C12: Rozita | D12: 5479
B13: 5764 | C13: Andre | D13: 3456
B14: 5555 | C14: Rocher | D14: 1200

Sheet HRA
B3: HRA of the Employees
B4: Emp_ID | C4: Emp_Name | D4: Emp_HRA
B5: 5001 | C5: Sandy | D5: =('Basic Pay'!D5+DA!D5)*50% -> 29250
B6: 5003 | C6: Sam | D6: =('Basic Pay'!D6+DA!D6)*50% -> 16250
B7: 5098 | C7: Peter | D7: =('Basic Pay'!D7+DA!D7)*50% -> 29250
B8: 5689 | C8: Bobby | D8: =('Basic Pay'!D8+DA!D8)*50% -> 20800
B9: 5764 | C9: John | D9: =('Basic Pay'!D9+DA!D9)*50% -> 7949.5
B10: 5091 | C10: Rita | D10: =('Basic Pay'!D10+DA!D10)*50% -> 51285
B11: 5673 | C11: Rozy | D11: =('Basic Pay'!D11+DA!D11)*50% -> 42250
B12: 5901 | C12: Rozita | D12: =('Basic Pay'!D12+DA!D12)*50% -> 35613.5
B13: 5764 | C13: Andre | D13: =('Basic Pay'!D13+DA!D13)*50% -> 22464
B14: 5555 | C14: Rocher | D14: =('Basic Pay'!D14+DA!D14)*50% -> 7800

Sheet DA
B3: DA of the Employees
B4: Emp_ID | C4: Emp_Name | D4: Emp_DA
B5: 5001 | C5: Sandy | D5: ='Basic Pay'!D5*12 -> 54000
B6: 5003 | C6: Sam | D6: ='Basic Pay'!D6*12 -> 30000
B7: 5098 | C7: Peter | D7: ='Basic Pay'!D7*12 -> 54000
B8: 5689 | C8: Bobby | D8: ='Basic Pay'!D8*12 -> 38400
B9: 5764 | C9: John | D9: ='Basic Pay'!D9*12 -> 14676
B10: 5091 | C10: Rita | D10: ='Basic Pay'!D10*12 -> 94680
B11: 5673 | C11: Rozy | D11: ='Basic Pay'!D11*12 -> 78000
B12: 5901 | C12: Rozita | D12: ='Basic Pay'!D12*12 -> 65748
B13: 5764 | C13: Andre | D13: ='Basic Pay'!D13*12 -> 41472
B14: 5555 | C14: Rocher | D14: ='Basic Pay'!D14*12 -> 14400

Sheet Gross Sheet
B3: DA of the Employees
B4: Emp_ID | C4: Emp_Name | D4: Emp_DA
B5: 5001 | C5: Sandy | D5: ='Basic Pay'!D5+DA!D5+HRA!D5 -> 87750
B6: 5003 | C6: Sam | D6: ='Basic Pay'!D6+DA!D6+HRA!D6 -> 48750
B7: 5098 | C7: Peter | D7: ='Basic Pay'!D7+DA!D7+HRA!D7 -> 87750
B8: 5689 | C8: Bobby | D8: ='Basic Pay'!D8+DA!D8+HRA!D8 -> 62400
B9: 5764 | C9: John | D9: ='Basic Pay'!D9+DA!D9+HRA!D9 -> 23848.5
B10: 5091 | C10: Rita | D10: ='Basic Pay'!D10+DA!D10+HRA!D10 -> 153855
B11: 5673 | C11: Rozy | D11: ='Basic Pay'!D11+DA!D11+HRA!D11 -> 126750
B12: 5901 | C12: Rozita | D12: ='Basic Pay'!D12+DA!D12+HRA!D12 -> 106840.5
B13: 5764 | C13: Andre | D13: ='Basic Pay'!D13+DA!D13+HRA!D13 -> 67392
B14: 5555 | C14: Rocher | D14: ='Basic Pay'!D14+DA!D14+HRA!D14 -> 23400
